name;description;year;manufacturer;is_parent;romof;is_clone;cloneof;sasampleof;is_runnable;is_device;is_bios;biosof;is_mechanical;is_arcade;use_chds;savestate;source_file;first_emulator;first_emulator_date;last_emulator;last_emulator_date;players;buttons;coins;sound_channels;screens;display_type;display_rotate;screen_orientation;display_width;display_height;display_refresh;input_controls;monitor_type;chips_cpu;chips_cpu_details;chips_audio;chips_audio_details;driver_status;driver_emulation;driver_color;driver_sound;driver_graphic;driver_cocktail;driver_protection;dump_status;device_types;category;genre;serie;language;colors;has_device_refs;has_roms;has_disks;has_dip_switches;has_bios_sets;has_configs;has_ports;has_devices;has_slots;has_adjusters;has_soft_lists;has_ram_opts;has_cheats;nplayers;url_playonline;url_shortplays;url_shortplay_ms;game_rate;mature;on_top_score;on_bacheca_record;on_arcaworld;ranking;bestgame;alltime;cabinets;
arkanoid;Arkanoid (World, older);1986;Taito Corporation Japan;YES;-;NO;-;-;YES;NO;NO;-;NO;YES;NO;YES;arkanoid.cpp;Mame 0.30;08/01/98;Mame 0.194;31/01/18;0;1;2;1;1;RASTER;90;VERTICAL;256;224;59.185606;dial;CRT 15kHz;Z80,MC68705P5;maincpu Z80 @6 MHz, mcu:mcu MC68705P5 @3 MHz;Speaker,YM2149 SSG;mono Speaker, aysnd YM2149 SSG @3 MHz;GOOD;GOOD;GOOD;GOOD;GOOD;UNKNOWN;GOOD;GOOD;-;Ball & Paddle / Breakout;Ball & Paddle;Arkanoid;English;-;NO;NO;NO;NO;NO;NO;NO;NO;NO;NO;NO;NO;NO;2P alt;-;https://www.youtube.com/watch?v=0AVHfgCMIQ8;-;100;NO;NO;YES;NO;English;90 to 100 (Best Games);1986;1986;NO
baddudes;Bad Dudes vs. Dragonninja (US);1988;Data East USA;YES;-;NO;-;-;YES;NO;NO;-;NO;YES;NO;YES;dec0.cpp;Mame 0.31;25/04/98;Mame 0.194;31/01/18;0;2;2;1;1;RASTER;0;HORIZONTAL;256;240;57.444853;joystick (8-way);CRT 15kHz;M68000,M6502,I8751;maincpu M68000 @10 MHz, audiocpu M6502 @1.5 MHz, mcu I8751 @8 MHz;Speaker,YM2203 OPN,YM3812 OPL2,OKI MSM6295 ADPCM;mono Speaker, ym1 YM2203 OPN @1.5 MHz, ym2 YM3812 OPL2 @3 MHz, oki OKI MSM6295 ADPCM @1 MHz;GOOD;GOOD;GOOD;GOOD;GOOD;UNKNOWN;GOOD;BADDUMP;-;Platform / Fighter Scrolling;Platform;-;English;-;NO;NO;NO;NO;NO;NO;NO;NO;NO;NO;NO;NO;NO;2P sim;-;https://www.youtube.com/watch?v=9hXp-5qvB0o;-;0;NO;NO;NO;NO;English;50 to 60 (Not Good Enough);1988;1988;NO
berzerk;Berzerk (set 1);1980;Stern Electronics;YES;-;NO;-;-;YES;NO;NO;-;NO;YES;NO;YES;berzerk.cpp;Mame 0.29;20/10/97;Mame 0.194;31/01/18;0;1;3;1;1;RASTER;0;HORIZONTAL;256;224;59.637405;joystick (8-way);CRT 15kHz;Z80;maincpu Z80 @2.5 MHz;Speaker,SSi TSI S14001A,Exidy SFX;mono Speaker, speech SSi TSI S14001A @0.19531 MHz, exidy Exidy SFX;GOOD;GOOD;GOOD;GOOD;GOOD;UNKNOWN;GOOD;GOOD;-;Maze / Shooter Small;Maze;Berzerk;English;-;NO;NO;NO;NO;NO;NO;NO;NO;NO;NO;NO;NO;NO;2P alt;https://archive.org/details/arcade_berzerk;https://www.youtube.com/watch?v=Ijj0v8PexpA;-;0;NO;NO;NO;NO;English;20 to 30 (Bad);1980;Cocktail, Upright;NO
btime;Burger Time (Data East set 1);1982;Data East Corporation;YES;-;NO;-;-;YES;NO;NO;-;NO;YES;NO;YES;btime.cpp;Mame 0.11;16/03/97;Mame 0.194;31/01/18;0;1;2;1;1;RASTER;270;VERTICAL;240;240;57.444853;joystick (4-way);CRT 15kHz;DECO CPU-7,M6502;maincpu DECO CPU-7 @1.5 MHz, audiocpu M6502 @0.5 MHz;Speaker,AY-3-8910A PSG,Discrete Sound;mono Speaker, ay1 AY-3-8910A PSG @1.5 MHz, ay2 AY-3-8910A PSG @1.5 MHz, discrete Discrete Sound;GOOD;GOOD;GOOD;GOOD;GOOD;UNKNOWN;GOOD;GOOD;-;Platform / Run Jump;Platform;Burger Time;English;-;NO;NO;NO;NO;NO;NO;NO;NO;NO;NO;NO;NO;NO;2P alt;-;https://www.youtube.com/watch?v=uhQGUyCAqWE;-;100;NO;NO;YES;NO;English;90 to 100 (Best Games);1982;1982;NO
btoads;Battletoads;1994;Rare / Electronic Arts;YES;-;NO;-;-;YES;NO;NO;-;NO;YES;NO;YES;btoads.cpp;Mame 0.57;01/01/02;Mame 0.194;31/01/18;0;2;3;2;1;RASTER;0;HORIZONTAL;512;224;60.797665;joystick (8-way);CRT 15kHz;TMS34020,Z80,TMS32015;maincpu TMS34020 @32 MHz, audiocpu Z80 @6 MHz, bsmt:bsmt2000 TMS32015 @24 MHz;Speaker,BSMT2000;lspeaker Speaker, rspeaker Speaker, bsmt BSMT2000 @24 MHz;GOOD;GOOD;GOOD;GOOD;GOOD;UNKNOWN;GOOD;GOOD;-;Fighter / 2.5D;Fighter;-;English;-;NO;NO;NO;NO;NO;NO;NO;NO;NO;NO;NO;NO;NO;3P sim;-;https://www.youtube.com/watch?v=SXNOtaRArDg;-;0;NO;NO;NO;NO;English;70 to 80 (Good);1994;1994;YES
captaven;Captain America and The Avengers (Asia Rev 1.4);1991;Data East Corporation;YES;-;NO;-;-;YES;NO;NO;-;NO;YES;NO;YES;deco32.cpp;Mame 0.58;05/02/02;Mame 0.194;31/01/18;0;2;4;2;1;RASTER;0;HORIZONTAL;320;240;57.799650;joystick (8-way);CRT 15kHz;ARM (little),HuC6280;maincpu ARM (little) @7 MHz, audiocpu HuC6280 @2.685 MHz;Speaker,Yamaha YM2151 OPM,OKI MSM6295 ADPCM;lspeaker Speaker, rspeaker Speaker, ymsnd Yamaha YM2151 OPM @3.58 MHz, oki1 OKI MSM6295 ADPCM @1.6875 MHz, oki2 OKI MSM6295 ADPCM @2.1375 MHz;GOOD;GOOD;GOOD;GOOD;GOOD;UNKNOWN;GOOD;GOOD;-;Fighter / 2.5D;Fighter;-;English;-;NO;NO;NO;NO;NO;NO;NO;NO;NO;NO;NO;NO;NO;4P sim;-;https://www.youtube.com/watch?v=LisaDuiY2Yk;-;0;NO;NO;NO;NO;English;70 to 80 (Good);1991;1991;NO
defender;Defender (Red label);1980;Williams;YES;-;NO;-;-;YES;NO;NO;-;NO;YES;NO;YES;williams.cpp;Mame 0.24;13/06/97;Mame 0.194;31/01/18;0;5;3;1;1;RASTER;0;HORIZONTAL;292;240;60.096154;joystick (2-way);CRT 15kHz;MC6809E,M6808;maincpu MC6809E @1 MHz, soundcpu M6808 @3.579545 MHz;Speaker,MC1408;speaker Speaker, dac MC1408;GOOD;GOOD;GOOD;GOOD;GOOD;UNKNOWN;GOOD;GOOD;-;Shooter / Flying Horizontal;Shooter;Defender;English;-;NO;NO;NO;NO;NO;NO;NO;NO;NO;NO;NO;NO;NO;2P alt;https://archive.org/details/arcade_defender;https://www.youtube.com/watch?v=Dn1RoM1ZQCc;-;0;NO;NO;NO;NO;English;90 to 100 (Best Games);1980;1980;NO
dkong;Donkey Kong (US set 1);1981;Nintendo of America;YES;-;NO;-;-;YES;NO;NO;-;NO;YES;NO;YES;dkong.cpp;Mame 0.3;13/02/97;Mame 0.194;31/01/18;0;1;1;1;1;RASTER;90;VERTICAL;256;224;60.606061;joystick (4-way);CRT 15kHz;Z80,Intel 8257 DMA Controller,MB8884;maincpu Z80 @3.72 MHz, dma8257 Intel 8257 DMA Controller @3.72 MHz, soundcpu MB8884 @6 MHz;Speaker,Discrete Sound;mono Speaker, discrete Discrete Sound;GOOD;GOOD;GOOD;GOOD;GOOD;UNKNOWN;GOOD;GOOD;-;Platform / Run Jump;Platform;Donkey Kong;English;-;NO;NO;NO;NO;NO;NO;NO;NO;NO;NO;NO;NO;NO;2P alt;-;https://www.youtube.com/watch?v=qUb97eM45UA;-;80;NO;NO;YES;NO;English;90 to 100 (Best Games);1981;Cocktail, Upright;NO
dkongjr;Donkey Kong Junior (US set F-2);1982;Nintendo of America;YES;-;NO;-;-;YES;NO;NO;-;NO;YES;NO;YES;dkong.cpp;Mame 0.5;20/02/97;Mame 0.194;31/01/18;0;1;1;1;1;RASTER;90;VERTICAL;256;224;60.606061;joystick (4-way);CRT 15kHz;Z80,Intel 8257 DMA Controller,MB8884;maincpu Z80 @3.72 MHz, dma8257 Intel 8257 DMA Controller @3.72 MHz, soundcpu MB8884 @6 MHz;Speaker,Discrete Sound;mono Speaker, discrete Discrete Sound;GOOD;GOOD;GOOD;GOOD;GOOD;UNKNOWN;GOOD;GOOD;-;Platform / Run Jump;Platform;Donkey Kong;English;-;NO;NO;NO;NO;NO;NO;NO;NO;NO;NO;NO;NO;NO;2P alt;-;https://www.youtube.com/watch?v=v9yfoHrUzzc;-;0;NO;NO;NO;NO;English;90 to 100 (Best Games);1982;Cocktail, Upright;NO
elevator;Elevator Action (5 pcb version, 1.1);1983;Taito Corporation;YES;-;NO;-;-;YES;NO;NO;-;NO;YES;NO;YES;taitosj.cpp;Mame 0.18;20/04/97;Mame 0.194;31/01/18;0;2;3;1;1;RASTER;0;HORIZONTAL;256;224;60.000000;joystick (8-way);CRT 15kHz;Z80,MC68705P5;maincpu Z80 @4 MHz, audiocpu Z80 @3 MHz, bmcu:mcu MC68705P5 @3 MHz;Speaker,AY-3-8910A PSG,8-Bit R-2R DAC,Discrete Sound;speaker Speaker, ay1 AY-3-8910A PSG @1.5 MHz, ay2 AY-3-8910A PSG @1.5 MHz, ay3 AY-3-8910A PSG @1.5 MHz, ay4 AY-3-8910A PSG @1.5 MHz, dac 8-Bit R-2R DAC, dacvol Discrete Sound;GOOD;GOOD;GOOD;GOOD;GOOD;UNKNOWN;GOOD;GOOD;-;Platform / Shooter;Platform;Elevator Action;English;-;NO;NO;NO;NO;NO;NO;NO;NO;NO;NO;NO;NO;NO;2P alt;-;https://www.youtube.com/watch?v=ArhbuoshaT4;-;0;NO;NO;YES;NO;English;70 to 80 (Good);1983;Cocktail, Upright;YES
foodf;Food Fight (rev 3);1982;General Computer Corporation (Atari license);YES;-;NO;-;-;YES;NO;NO;-;NO;YES;NO;YES;foodf.cpp;Mame 0.30;08/01/98;Mame 0.194;31/01/18;0;1;2;1;1;RASTER;0;HORIZONTAL;256;224;60.810811;joystick (analog);CRT 15kHz;M68000,Atari C012294 POKEY;maincpu M68000 @6.48 MHz, pokey1 Atari C012294 POKEY @0.6048 MHz, pokey2 Atari C012294 POKEY @0.6048 MHz, pokey3 Atari C012294 POKEY @0.6048 MHz;Speaker,Atari C012294 POKEY;mono Speaker, pokey1 Atari C012294 POKEY @0.6048 MHz, pokey2 Atari C012294 POKEY @0.6048 MHz, pokey3 Atari C012294 POKEY @0.6048 MHz;GOOD;GOOD;GOOD;GOOD;GOOD;UNKNOWN;GOOD;GOOD;-;Fighter / Field;Fighter;-;English;-;NO;NO;NO;NO;NO;NO;NO;NO;NO;NO;NO;NO;NO;2P alt;https://archive.org/details/arcade_foodf;https://www.youtube.com/watch?v=RW6OzEM4d7U;-;0;NO;NO;NO;NO;English;40 to 50 (Decent);-;40 to 50 (Decent);NO
ga2;Golden Axe: The Revenge of Death Adder (World);1992;Sega;YES;-;NO;-;-;YES;NO;NO;-;NO;YES;NO;NO;segas32.cpp;Mame 0.63;12/01/03;Mame 0.194;31/01/18;0;3;2;2;1;RASTER;0;HORIZONTAL;416;224;60.000000;joystick (8-way);CRT 15kHz;V60,Z80,V25;mainpcb:maincpu V60 @16.10795 MHz, mainpcb:soundcpu Z80 @8.53975 MHz, mainpcb:mcu V25 @10 MHz;Speaker,YM3438 OPN2C,Ricoh RF5C68;mainpcb:lspeaker Speaker, mainpcb:rspeaker Speaker, mainpcb:ym1 YM3438 OPN2C @8.53975 MHz, mainpcb:ym2 YM3438 OPN2C @8.53975 MHz, mainpcb:rfsnd Ricoh RF5C68 @12.5 MHz;IMPERFECT;GOOD;GOOD;GOOD;IMPERFECT;UNKNOWN;GOOD;GOOD;-;Fighter / 2.5D;Fighter;Golden Axe;English;-;NO;NO;NO;NO;NO;NO;NO;NO;NO;NO;NO;NO;NO;4P sim;-;https://www.youtube.com/watch?v=MaFoh4uxMxU;-;0;NO;NO;NO;NO;English;60 to 70 (Passable);-;60 to 70 (Passable);NO
galaga;Galaga (Namco rev. B);1981;Namco;YES;-;NO;-;-;YES;NO;NO;-;NO;YES;NO;YES;galaga.cpp;Mame 0.21;12/05/97;Mame 0.194;31/01/18;0;1;2;1;1;RASTER;90;VERTICAL;288;224;60.606061;joystick (2-way);CRT 15kHz;Z80,MB8843,MB8844;maincpu Z80 @3.72 MHz, sub Z80 @3.72 MHz, sub2 Z80 @3.72 MHz, 51xx:mcu MB8843 @1.536 MHz, 54xx:mcu MB8844 @1.536 MHz;Speaker,Namco,Discrete Sound;mono Speaker, namco Namco @0.96 MHz, discrete Discrete Sound;IMPERFECT;GOOD;GOOD;GOOD;IMPERFECT;UNKNOWN;GOOD;GOOD;-;Shooter / Gallery;Shooter;Galaxian;English;-;NO;NO;NO;NO;NO;NO;NO;NO;NO;NO;NO;NO;NO;2P alt;-;https://www.youtube.com/watch?v=R5C4LRO2_p8;-;100;NO;NO;NO;NO;English;90 to 100 (Best Games);1981;Cocktail, Upright;NO
galaxian;Galaxian (Namco set 1);1979;Namco;YES;-;NO;-;-;YES;NO;NO;-;NO;YES;NO;YES;galaxian.cpp;Mame 0.5;20/02/97;Mame 0.194;31/01/18;0;1;2;1;1;RASTER;90;VERTICAL;768;224;60.606061;joystick (2-way);CRT 15kHz;Z80;maincpu Z80 @3.72 MHz;Speaker,Galaxian Custom Sound,Discrete Sound;speaker Speaker, cust Galaxian Custom Sound, discrete Discrete Sound;GOOD;GOOD;GOOD;GOOD;GOOD;UNKNOWN;GOOD;GOOD;-;Shooter / Gallery;Shooter;Galaxian;English;-;NO;NO;NO;NO;NO;NO;NO;NO;NO;NO;NO;NO;NO;2P alt;-;https://www.youtube.com/watch?v=oT4V-50o8xM;-;0;NO;NO;NO;NO;English;90 to 100 (Best Games);197x;Cocktail, Upright;NO
gaunt2;Gauntlet II;1986;Atari Games;YES;-;NO;-;-;YES;NO;NO;-;NO;YES;NO;NO;gauntlet.cpp;Mame 0.30;08/01/98;Mame 0.194;31/01/18;0;2;4;2;1;RASTER;0;HORIZONTAL;336;240;59.922743;joystick (8-way);CRT 15kHz;M68010,M6502,Atari C012294 POKEY;maincpu M68010 @7.15909 MHz, audiocpu M6502 @1.789772 MHz, pokey Atari C012294 POKEY @1.789772 MHz;Speaker,Yamaha YM2151 OPM,Atari C012294 POKEY,TMS5220C;lspeaker Speaker, rspeaker Speaker, ymsnd Yamaha YM2151 OPM @3.579545 MHz, pokey Atari C012294 POKEY @1.789772 MHz, tms TMS5220C @0.650826 MHz;GOOD;GOOD;GOOD;GOOD;GOOD;UNKNOWN;GOOD;GOOD;-;Maze / Shooter Large;Maze;Gauntlet;English;-;NO;NO;NO;NO;NO;NO;NO;NO;NO;NO;NO;NO;NO;4P sim;https://archive.org/details/arcade_gaunt2;https://www.youtube.com/watch?v=tB22B3Z0j24;-;70;NO;NO;NO;NO;English;70 to 80 (Good);-;70 to 80 (Good);NO
gauntlet;Gauntlet (rev 14);1985;Atari Games;YES;-;NO;-;-;YES;NO;NO;-;NO;YES;NO;NO;gauntlet.cpp;Mame 0.30;08/01/98;Mame 0.194;31/01/18;0;2;4;2;1;RASTER;0;HORIZONTAL;336;240;59.922743;joystick (8-way);CRT 15kHz;M68010,M6502,Atari C012294 POKEY;maincpu M68010 @7.15909 MHz, audiocpu M6502 @1.789772 MHz, pokey Atari C012294 POKEY @1.789772 MHz;Speaker,Yamaha YM2151 OPM,Atari C012294 POKEY,TMS5220C;lspeaker Speaker, rspeaker Speaker, ymsnd Yamaha YM2151 OPM @3.579545 MHz, pokey Atari C012294 POKEY @1.789772 MHz, tms TMS5220C @0.650826 MHz;GOOD;GOOD;GOOD;GOOD;GOOD;UNKNOWN;GOOD;GOOD;-;Maze / Shooter Large;Maze;Gauntlet;English;-;NO;NO;NO;NO;NO;NO;NO;NO;NO;NO;NO;NO;NO;4P sim;https://archive.org/details/arcade_gauntlet;https://www.youtube.com/watch?v=ByrGHUyYyw8;-;70;NO;NO;NO;NO;English;70 to 80 (Good);1985;1985;NO
gorf;Gorf;1981;Dave Nutting Associates / Midway;YES;-;NO;-;-;YES;NO;NO;-;NO;YES;NO;YES;astrocde.cpp;Mame 0.7;27/02/97;Mame 0.194;31/01/18;0;1;2;2;1;RASTER;270;VERTICAL;352;240;60.054442;joystick (8-way);CRT 15kHz;Z80;maincpu Z80 @1.789772 MHz;Speaker,Astrocade,Votrax SC-01;upper Speaker, lower Speaker, astrocade1 Astrocade @1.789772 MHz, astrocade2 Astrocade @1.789772 MHz, votrax Votrax SC-01 @0.72 MHz;IMPERFECT;GOOD;GOOD;IMPERFECT;GOOD;UNKNOWN;GOOD;GOOD;-;Shooter / Gallery;Shooter;-;English;-;NO;NO;NO;NO;NO;NO;NO;NO;NO;NO;NO;NO;NO;2P alt;https://archive.org/details/arcade_gorf;https://www.youtube.com/watch?v=bUO2tjdGK6w;-;0;NO;NO;NO;NO;English;90 to 100 (Best Games);1981;Cocktail, Upright;YES
gtg;Golden Tee Golf (Joystick, v3.1);1990;Strata/Incredible Technologies;YES;-;NO;-;-;YES;NO;NO;-;NO;YES;NO;NO;itech8.cpp;Mame 0.37b10 (0.46);05/12/00;Mame 0.194;31/01/18;0;1;2;1;1;RASTER;0;HORIZONTAL;256;240;60.000000;joystick (8-way);CRT 15kHz;MC6809;maincpu MC6809 @8 MHz, soundcpu MC6809 @8 MHz;Speaker,YM2203 OPN,OKI MSM6295 ADPCM;mono Speaker, ymsnd YM2203 OPN @4 MHz, oki OKI MSM6295 ADPCM @1 MHz;GOOD;GOOD;GOOD;GOOD;GOOD;UNKNOWN;GOOD;GOOD;-;Sports / Golf;Sports;Golden Tee;English;-;NO;NO;NO;NO;NO;NO;NO;NO;NO;NO;NO;NO;NO;4P alt;https://archive.org/details/arcade_gtg;https://www.youtube.com/watch?v=w4rgcw8jemY http://www.youtube.com/watch?v=LawfI5Nmdck;-;0;NO;NO;NO;NO;English;50 to 60 (Not Good Enough);-;Cocktail, Upright;NO
indytemp;Indiana Jones and the Temple of Doom (set 1);1985;Atari Games;YES;atarisy1;NO;-;-;YES;NO;NO;atarisy1;NO;YES;NO;NO;atarisy1.cpp;Mame 0.31;25/04/98;Mame 0.194;31/01/18;0;1;3;2;1;RASTER;0;HORIZONTAL;336;240;59.922743;joystick (8-way);CRT 15kHz;M68010,M6502,Atari C012294 POKEY;maincpu M68010 @7.15909 MHz, audiocpu M6502 @1.789772 MHz, pokey Atari C012294 POKEY @1.789772 MHz;Speaker,Yamaha YM2151 OPM,Atari C012294 POKEY,TMS5220C;lspeaker Speaker, rspeaker Speaker, ymsnd Yamaha YM2151 OPM @3.579545 MHz, pokey Atari C012294 POKEY @1.789772 MHz, tms TMS5220C @0.650826 MHz;GOOD;GOOD;GOOD;GOOD;GOOD;UNKNOWN;GOOD;GOOD;-;Maze / Fighter;Maze;-;English;-;NO;NO;NO;NO;NO;NO;NO;NO;NO;NO;NO;NO;NO;2P alt;https://archive.org/details/arcade_indytemp;https://www.youtube.com/watch?v=vNJoYEVOZB4;-;0;NO;NO;NO;NO;English;70 to 80 (Good);1985;1985;NO
inthunt;In The Hunt (World);1993;Irem;YES;-;NO;-;-;YES;NO;NO;-;NO;YES;NO;YES;m92.cpp;Mame 0.36b6;29/09/99;Mame 0.194;31/01/18;0;2;2;1;1;RASTER;0;HORIZONTAL;320;240;60.000000;joystick (8-way);CRT 15kHz;V33,V35;maincpu V33 @9 MHz, soundcpu V35 @14.318181 MHz;Speaker,Yamaha YM2151 OPM,Irem GA20;mono Speaker, ymsnd Yamaha YM2151 OPM @3.579545 MHz, irem Irem GA20 @3.579545 MHz;GOOD;GOOD;GOOD;GOOD;GOOD;PRELIMINARY;GOOD;GOOD;-;Shooter / Misc. Horizontal;Shooter;-;English;-;NO;NO;NO;NO;NO;NO;NO;NO;NO;NO;NO;NO;NO;2P sim;-;https://www.youtube.com/watch?v=YapKrpQdbLk;-;0;NO;NO;NO;NO;English;90 to 100 (Best Games);1993;1993;NO
invaders;Space Invaders / Space Invaders M;1978;Taito / Midway;YES;-;NO;-;-;YES;NO;NO;-;NO;YES;NO;YES;mw8080bw.cpp;Mame 0.8;04/03/97;Mame 0.194;31/01/18;0;1;1;1;1;RASTER;270;VERTICAL;260;224;59.541985;joystick (2-way);CRT 15kHz;8080;maincpu 8080 @1.9968 MHz;Speaker,TI SN76477 CSG,Discrete Sound;mono Speaker, snsnd TI SN76477 CSG, discrete Discrete Sound;GOOD;GOOD;GOOD;GOOD;GOOD;UNKNOWN;GOOD;GOOD;-;Shooter / Gallery;Shooter;Space Invaders;English;Black & White;NO;NO;NO;NO;NO;NO;NO;NO;NO;NO;NO;NO;NO;2P alt;-;https://www.youtube.com/watch?v=_77fSEMNMew;-;0;NO;NO;YES;NO;Black & White;90 to 100 (Best Games);197x;197x;NO
joust;Joust (White/Green label);1982;Williams;YES;-;NO;-;-;YES;NO;NO;-;NO;YES;NO;YES;williams.cpp;Mame 0.23;02/06/97;Mame 0.194;31/01/18;0;1;3;1;1;RASTER;0;HORIZONTAL;292;240;60.096154;joystick (2-way);CRT 15kHz;MC6809E,M6808;maincpu MC6809E @1 MHz, soundcpu M6808 @3.579545 MHz;Speaker,MC1408;speaker Speaker, dac MC1408;GOOD;GOOD;GOOD;GOOD;GOOD;UNKNOWN;GOOD;GOOD;-;Platform / Run Jump;Platform;Joust;English;-;NO;NO;NO;NO;NO;NO;NO;NO;NO;NO;NO;NO;NO;2P sim;https://archive.org/details/arcade_joust;https://www.youtube.com/watch?v=Y-wgTojTRG0;-;0;NO;NO;YES;NO;English;80 to 90 (Very Good);1982;1982;NO
joust2;Joust 2 - Survival of the Fittest (revision 2);1986;Williams;YES;-;NO;-;-;YES;NO;NO;-;NO;YES;NO;YES;williams.cpp;Mame 0.35b6;15/03/99;Mame 0.194;31/01/18;0;2;3;1;1;RASTER;270;VERTICAL;276;240;60.096154;joystick (2-way);CRT 15kHz;MC6809E,M6808;maincpu MC6809E @1 MHz, soundcpu M6808 @4 MHz, cvsd:cpu MC6809E @2 MHz;Speaker,MC1408,Williams CVSD Sound Board,Yamaha YM2151 OPM,HC-55516;speaker Speaker, dac MC1408, cvsd Williams CVSD Sound Board, cvsd:ym2151 Yamaha YM2151 OPM @3.579545 MHz, cvsd:dac MC1408, cvsd:cvsd HC-55516;GOOD;GOOD;GOOD;GOOD;GOOD;UNKNOWN;GOOD;GOOD;-;Platform / Run Jump;Platform;Joust;English;-;NO;NO;NO;NO;NO;NO;NO;NO;NO;NO;NO;NO;NO;2P sim;-;https://www.youtube.com/watch?v=ZVSlMUrn2zk;-;0;NO;NO;NO;NO;English;70 to 80 (Good);-;70 to 80 (Good);NO
junglek;Jungle King (Japan);1982;Taito Corporation;YES;-;NO;-;-;YES;NO;NO;-;NO;YES;NO;YES;taitosj.cpp;Mame 0.18;20/04/97;Mame 0.194;31/01/18;0;1;3;1;1;RASTER;180;HORIZONTAL;256;224;60.000000;joystick (8-way);CRT 15kHz;Z80;maincpu Z80 @4 MHz, audiocpu Z80 @3 MHz;Speaker,AY-3-8910A PSG,8-Bit R-2R DAC,Discrete Sound;speaker Speaker, ay1 AY-3-8910A PSG @1.5 MHz, ay2 AY-3-8910A PSG @1.5 MHz, ay3 AY-3-8910A PSG @1.5 MHz, ay4 AY-3-8910A PSG @1.5 MHz, dac 8-Bit R-2R DAC, dacvol Discrete Sound;GOOD;GOOD;GOOD;GOOD;GOOD;UNKNOWN;GOOD;GOOD;-;Platform / Run, Jump & Scrolling;Platform;-;Japanese;-;NO;NO;NO;NO;NO;NO;NO;NO;NO;NO;NO;NO;NO;2P alt;-;https://www.youtube.com/watch?v=kMXG8-gyDP0;-;0;NO;NO;YES;NO;Japanese;90 to 100 (Best Games);1982;Cocktail, Upright;NO
klax;Klax (set 1);1989;Atari Games;YES;-;NO;-;-;YES;NO;NO;-;NO;YES;NO;NO;klax.cpp;Mame 0.33b3;17/05/98;Mame 0.194;31/01/18;0;1;2;1;1;RASTER;0;HORIZONTAL;336;240;59.922743;joystick (4-way);CRT 15kHz;M68000;maincpu M68000 @7.15909 MHz;Speaker,OKI MSM6295 ADPCM;mono Speaker, oki OKI MSM6295 ADPCM @0.894886 MHz;GOOD;GOOD;GOOD;GOOD;GOOD;UNKNOWN;GOOD;GOOD;-;Puzzle / Drop;Puzzle;-;English;-;NO;NO;NO;NO;NO;NO;NO;NO;NO;NO;NO;NO;NO;2P sim;-;https://www.youtube.com/watch?v=GbWroh6QDRc;-;0;NO;NO;NO;NO;English;90 to 100 (Best Games);-;90 to 100 (Best Games);NO
missile;Missile Command (rev 3);1980;Atari;YES;-;NO;-;-;YES;NO;NO;-;NO;YES;NO;YES;missile.cpp;Mame 0.26;14/07/97;Mame 0.194;31/01/18;0;3;3;1;1;RASTER;0;HORIZONTAL;256;231;61.035156;trackball;CRT 15kHz;M6502,Atari C012294 POKEY;maincpu M6502 @1.25 MHz, pokey Atari C012294 POKEY @1.25 MHz;Speaker,Atari C012294 POKEY;mono Speaker, pokey Atari C012294 POKEY @1.25 MHz;GOOD;GOOD;GOOD;GOOD;GOOD;UNKNOWN;GOOD;GOOD;-;Shooter / Command;Shooter;-;English;-;NO;NO;NO;NO;NO;NO;NO;NO;NO;NO;NO;NO;NO;2P alt;-;https://www.youtube.com/watch?v=1JdwISXKWWc;-;0;NO;NO;NO;NO;English;90 to 100 (Best Games);1980;Cocktail, Upright;NO
mk;Mortal Kombat (rev 5.0 T-Unit 03/19/93);1992;Midway;YES;-;NO;-;-;YES;NO;NO;-;NO;YES;NO;YES;midtunit.cpp;Mame 0.34b7;10/11/98;Mame 0.194;31/01/18;0;6;4;1;1;RASTER;0;HORIZONTAL;400;254;54.706840;joystick (8-way);CRT 15kHz;TMS34010,MC6809E;maincpu TMS34010 @50 MHz, adpcm:cpu MC6809E @2 MHz;Speaker,Williams ADPCM Sound Board,Yamaha YM2151 OPM,AD7524,OKI MSM6295 ADPCM;speaker Speaker, adpcm Williams ADPCM Sound Board, adpcm:ym2151 Yamaha YM2151 OPM @3.579545 MHz, adpcm:dac AD7524, adpcm:oki OKI MSM6295 ADPCM @1 MHz;GOOD;GOOD;GOOD;GOOD;GOOD;UNKNOWN;GOOD;GOOD;-;Fighter / Versus;Fighter;Mortal Kombat;English;-;NO;NO;NO;NO;NO;NO;NO;NO;NO;NO;NO;NO;NO;2P sim;-;https://www.youtube.com/watch?v=Pmg6zArCao8;-;90;NO;NO;NO;YES;English;90 to 100 (Best Games);1992;1992;NO
mk2;Mortal Kombat II (rev L3.1);1993;Midway;YES;-;NO;-;-;YES;NO;NO;-;NO;YES;NO;YES;midtunit.cpp;Mame 0.34b7;10/11/98;Mame 0.194;31/01/18;0;6;4;1;1;RASTER;0;HORIZONTAL;400;254;54.706840;joystick (8-way);CRT 15kHz;TMS34010,ADSP-2105;maincpu TMS34010 @50 MHz, dcs:dcs ADSP-2105 @10 MHz;Speaker,DMA-driven DAC;dcs:mono Speaker, dcs:dac DMA-driven DAC;GOOD;GOOD;GOOD;GOOD;GOOD;UNKNOWN;GOOD;GOOD;-;Fighter / Versus;Fighter;Mortal Kombat;English;-;NO;NO;NO;NO;NO;NO;NO;NO;NO;NO;NO;NO;NO;2P sim;-;https://www.youtube.com/watch?v=lRPK9SSbnTo;-;90;NO;NO;NO;NO;English;80 to 90 (Very Good);1993;1993;NO
mk3;Mortal Kombat 3 (rev 2.1);1994;Midway;YES;-;NO;-;-;YES;NO;NO;-;NO;YES;NO;YES;midwunit.cpp;Mame 0.37b5 (0.41);27/07/00;Mame 0.194;31/01/18;0;6;4;1;1;RASTER;0;HORIZONTAL;400;254;54.706840;joystick (8-way);CRT 15kHz;TMS34010,ADSP-2105;maincpu TMS34010 @50 MHz, dcs:dcs ADSP-2105 @10 MHz;Speaker,DMA-driven DAC;dcs:mono Speaker, dcs:dac DMA-driven DAC;GOOD;GOOD;GOOD;GOOD;GOOD;UNKNOWN;GOOD;GOOD;-;Fighter / Versus;Fighter;Mortal Kombat;English;-;NO;NO;NO;NO;NO;NO;NO;NO;NO;NO;NO;NO;NO;2P sim;-;https://www.youtube.com/watch?v=kCP50XbJC0M;-;70;NO;NO;NO;NO;English;80 to 90 (Very Good);-;80 to 90 (Very Good);NO
mpatrol;Moon Patrol;1982;Irem;YES;-;NO;-;-;YES;NO;NO;-;NO;YES;NO;YES;m52.cpp;Mame 0.11;16/03/97;Mame 0.194;31/01/18;0;2;2;1;1;RASTER;0;HORIZONTAL;240;252;56.737589;joystick (2-way);CRT 15kHz;Z80,M6803;maincpu Z80 @3.72 MHz, irem_audio:iremsound M6803 @3.579545 MHz;Speaker,AY-3-8910A PSG,MSM5205,Discrete Sound;irem_audio:mono Speaker, irem_audio:ay_45m AY-3-8910A PSG @0.894886 MHz, irem_audio:ay_45l AY-3-8910A PSG @0.894886 MHz, irem_audio:msm1 MSM5205 @0.384 MHz, irem_audio:filtermix Discrete Sound;GOOD;GOOD;GOOD;GOOD;GOOD;UNKNOWN;GOOD;GOOD;-;Shooter / Driving Horizontal;Shooter;-;English;-;NO;NO;NO;NO;NO;NO;NO;NO;NO;NO;NO;NO;NO;2P alt;https://archive.org/details/arcade_mpatrol;https://www.youtube.com/watch?v=9N4UDA5Bzds http://www.youtube.com/watch?v=4SHEtVfo-1Q;-;100;NO;NO;YES;NO;English;90 to 100 (Best Games);1982;Cocktail, Upright;NO
mtrap;Mouse Trap (version 5);1981;Exidy;YES;-;NO;-;-;YES;NO;NO;-;NO;YES;NO;YES;exidy.cpp;Mame 0.18;20/04/97;Mame 0.194;31/01/18;0;4;2;1;1;RASTER;0;HORIZONTAL;256;256;59.996811;joystick (4-way);CRT 15kHz;M6502,Z80;maincpu M6502 @0.705562 MHz, audiocpu M6502 @0.894886 MHz, cvsdcpu Z80 @1.789772 MHz;Speaker,Exidy SFX+PSG,MC3417;mono Speaker, custom Exidy SFX+PSG, cvsd MC3417 @0.15469 MHz;GOOD;GOOD;GOOD;GOOD;GOOD;UNKNOWN;GOOD;BADDUMP;-;Maze / Collect;Maze;-;English;-;NO;NO;NO;NO;NO;NO;NO;NO;NO;NO;NO;NO;NO;2P alt;https://archive.org/details/arcade_mtrap;https://www.youtube.com/watch?v=2EW5fAPkps4;-;0;NO;NO;NO;NO;English;90 to 100 (Best Games);1981;1981;YES
nbajam;NBA Jam (rev 3.01 04/07/93);1993;Midway;YES;-;NO;-;-;YES;NO;NO;-;NO;YES;NO;YES;midtunit.cpp;Mame 0.34b7;10/11/98;Mame 0.194;31/01/18;0;3;4;1;1;RASTER;0;HORIZONTAL;400;254;54.706840;joystick (8-way);CRT 15kHz;TMS34010,MC6809E;maincpu TMS34010 @50 MHz, adpcm:cpu MC6809E @2 MHz;Speaker,Williams ADPCM Sound Board,Yamaha YM2151 OPM,AD7524,OKI MSM6295 ADPCM;speaker Speaker, adpcm Williams ADPCM Sound Board, adpcm:ym2151 Yamaha YM2151 OPM @3.579545 MHz, adpcm:dac AD7524, adpcm:oki OKI MSM6295 ADPCM @1 MHz;GOOD;GOOD;GOOD;GOOD;GOOD;UNKNOWN;GOOD;GOOD;-;Sports / Basketball;Sports;NBA Jam;English;-;NO;NO;NO;NO;NO;NO;NO;NO;NO;NO;NO;NO;NO;4P sim;-;https://www.youtube.com/watch?v=Ijma21Lg25o;-;90;NO;NO;NO;NO;English;90 to 100 (Best Games);1993;1993;NO
pacman;Pac-Man (Midway);1980;Namco (Midway license);NO;puckman;YES;puckman;-;YES;NO;NO;-;NO;YES;NO;YES;pacman.cpp;Mame 0.1;05/02/97;Mame 0.194;31/01/18;0;1;2;1;1;RASTER;90;VERTICAL;288;224;60.606061;joystick (4-way);CRT 15kHz;Z80;maincpu Z80 @3.72 MHz;Speaker,Namco;mono Speaker, namco Namco @0.96 MHz;GOOD;GOOD;GOOD;GOOD;GOOD;UNKNOWN;GOOD;GOOD;-;Maze / Collect;Maze;Pac-Man;English;-;NO;NO;NO;NO;NO;NO;NO;NO;NO;NO;NO;NO;NO;2P alt;-;https://www.youtube.com/watch?v=QtwY7CEDkOI;-;0;NO;NO;NO;NO;English;-;1980;Cocktail, Upright;NO
paperboy;Paperboy (rev 3);1984;Atari Games;YES;-;NO;-;-;YES;NO;NO;-;NO;YES;NO;YES;atarisy2.cpp;Mame 0.33b4;31/05/98;Mame 0.194;31/01/18;0;2;3;2;1;RASTER;0;HORIZONTAL;512;384;60.096154;joystick (analog);CRT 25kHz;T11,M6502,Atari C012294 POKEY;maincpu T11 @10 MHz, audiocpu M6502 @1.789772 MHz, pokey1 Atari C012294 POKEY @1.789772 MHz, pokey2 Atari C012294 POKEY @1.789772 MHz;Speaker,Yamaha YM2151 OPM,Atari C012294 POKEY,TMS5220C;lspeaker Speaker, rspeaker Speaker, ymsnd Yamaha YM2151 OPM @3.579545 MHz, pokey1 Atari C012294 POKEY @1.789772 MHz, pokey2 Atari C012294 POKEY @1.789772 MHz, tms TMS5220C @0.625 MHz;GOOD;GOOD;GOOD;GOOD;GOOD;UNKNOWN;GOOD;GOOD;-;Maze / Driving;Maze;-;English;-;NO;NO;NO;NO;NO;NO;NO;NO;NO;NO;NO;NO;NO;2P alt;https://archive.org/details/arcade_paperboy;https://www.youtube.com/watch?v=1tCN5vlHHdc;-;70;NO;NO;NO;NO;English;90 to 100 (Best Games);1984;1984;NO
pbobble;Puzzle Bobble (Japan, B-System);1994;Taito Corporation;YES;-;NO;-;-;YES;NO;NO;-;NO;YES;NO;YES;taito_b.cpp;Mame 0.34b1;16/08/98;Mame 0.194;31/01/18;0;3;4;1;1;RASTER;0;HORIZONTAL;320;224;60.000000;joystick (8-way);CRT 15kHz;M68000,Z80;maincpu M68000 @12 MHz, audiocpu Z80 @8 MHz;Speaker,YM2610B OPNB;mono Speaker, ymsnd YM2610B OPNB @8 MHz;GOOD;GOOD;GOOD;GOOD;GOOD;UNKNOWN;GOOD;GOOD;-;Puzzle / Toss;Puzzle;Puzzle Bobble;Japanese;-;NO;NO;NO;NO;NO;NO;NO;NO;NO;NO;NO;NO;NO;2P sim;-;https://www.youtube.com/watch?v=k4sSu-I4HRg;-;0;NO;YES;NO;NO;Japanese;90 to 100 (Best Games);1994;1994;NO
pepper2;Pepper II (version 8);1982;Exidy;YES;-;NO;-;-;YES;NO;NO;-;NO;YES;NO;YES;exidy.cpp;Mame 0.18;20/04/97;Mame 0.194;31/01/18;0;1;2;1;1;RASTER;0;HORIZONTAL;256;256;59.996811;joystick (4-way);CRT 15kHz;M6502;maincpu M6502 @0.705562 MHz, audiocpu M6502 @0.894886 MHz;Speaker,Exidy SFX+PSG;mono Speaker, custom Exidy SFX+PSG;GOOD;GOOD;GOOD;GOOD;GOOD;UNKNOWN;GOOD;GOOD;-;Maze / Outline;Maze;-;English;-;NO;NO;NO;NO;NO;NO;NO;NO;NO;NO;NO;NO;NO;2P alt;https://archive.org/details/arcade_pepper2;https://www.youtube.com/watch?v=Dr2wGX0vtdY;-;0;NO;NO;NO;NO;English;90 to 100 (Best Games);-;90 to 100 (Best Games);NO
popeye;Popeye (revision D);1982;Nintendo;YES;-;NO;-;-;YES;NO;NO;-;NO;YES;NO;YES;popeye.cpp;Mame 0.33b1;03/05/98;Mame 0.194;31/01/18;0;1;2;1;1;RASTER;0;HORIZONTAL;512;448;60.000000;joystick (4-way);CRT 31kHz;Z80;maincpu Z80 @4 MHz;Speaker,AY-3-8910A PSG,Netlist Sound Device;mono Speaker, aysnd AY-3-8910A PSG @2 MHz, snd_nl Netlist Sound Device @0.48 MHz;GOOD;GOOD;GOOD;GOOD;GOOD;UNKNOWN;GOOD;GOOD;-;Platform / Run Jump;Platform;Popeye;English;-;NO;NO;NO;NO;NO;NO;NO;NO;NO;NO;NO;NO;NO;2P alt;-;https://www.youtube.com/watch?v=I-ywfE-Xip8;-;0;NO;NO;YES;NO;English;90 to 100 (Best Games);1982;Cocktail, Upright;NO
punchout;Punch-Out!! (Rev B);1984;Nintendo;YES;-;NO;-;-;YES;NO;NO;-;NO;YES;NO;NO;punchout.cpp;Mame 0.29;20/10/97;Mame 0.194;31/01/18;0;3;2;2;2;RASTER;0;HORIZONTAL;256;224;60.000000;joystick (4-way);CRT 15kHz;Z80,N2A03;maincpu Z80 @4 MHz, audiocpu N2A03 @1.789772 MHz;N2A03 APU,Speaker,Sanyo VLM5030;audiocpu:nesapu N2A03 APU @1.789772 MHz, lspeaker Speaker, mono Speaker, vlm Sanyo VLM5030 @3.579545 MHz;GOOD;GOOD;GOOD;GOOD;GOOD;UNKNOWN;GOOD;GOOD;-;Sports / Boxing;Sports;Punch-Out!!;English;-;NO;NO;NO;NO;NO;NO;NO;NO;NO;NO;NO;NO;NO;1P;-;https://www.youtube.com/watch?v=0tAwrg0-SGw;https://www.youtube.com/watch?v=YZmtzEb-fcU;0;NO;NO;NO;NO;English;60 to 70 (Passable);1984;1984;NO
puyopuy2;Puyo Puyo 2 (Japan);1994;Compile (Sega license);YES;-;NO;-;-;YES;NO;NO;-;NO;YES;NO;NO;segac2.cpp;Mame 0.37b9 (0.45);06/11/00;Mame 0.194;31/01/18;0;2;2;1;1;RASTER;0;HORIZONTAL;256;224;60.000000;joystick (8-way);CRT 15kHz;M68000;maincpu M68000 @8.948862 MHz;Speaker,YM3438 OPN2C,SN76496,NEC uPD7759;mono Speaker, ymsnd YM3438 OPN2C @7.670453 MHz, snsnd SN76496 @3.579545 MHz, upd NEC uPD7759 @0.64 MHz;GOOD;GOOD;GOOD;GOOD;GOOD;UNKNOWN;GOOD;GOOD;-;Puzzle / Drop;Puzzle;Puyo Puyo;Japanese;-;NO;NO;NO;NO;NO;NO;NO;NO;NO;NO;NO;NO;NO;2P sim;-;https://www.youtube.com/watch?v=9v-dYla5ZpQ;-;0;NO;NO;NO;YES;Japanese;90 to 100 (Best Games);-;90 to 100 (Best Games);NO
qbert;Q*bert (US set 1);1982;Gottlieb;YES;-;NO;-;qbert;YES;NO;NO;-;NO;YES;NO;NO;gottlieb.cpp;Mame 0.17;14/04/97;Mame 0.194;31/01/18;0;0;2;2;1;RASTER;270;VERTICAL;256;240;61.419025;joystick (8-way);CRT 15kHz;I8088,M6502;maincpu I8088 @5 MHz, r1sound:audiocpu M6502 @0.894886 MHz;Speaker,Gottlieb Sound rev. 1 with Votrax,8-Bit R-2R DAC,Votrax SC-01,Samples;speaker Speaker, r1sound Gottlieb Sound rev. 1 with Votrax, r1sound:dac 8-Bit R-2R DAC, r1sound:votrax Votrax SC-01 @0.72 MHz, knocker Speaker, knocker_sam Samples;IMPERFECT;GOOD;GOOD;IMPERFECT;GOOD;UNKNOWN;GOOD;GOOD;-;Platform / Run Jump;Platform;Q*Bert;English;-;NO;NO;NO;NO;NO;NO;NO;NO;NO;NO;NO;NO;NO;2P alt;https://archive.org/details/arcade_qbert;https://www.youtube.com/watch?v=9ZvkWJ82dr8;-;0;NO;NO;YES;NO;English;90 to 100 (Best Games);1982;Cocktail, Upright;YES
qix;Qix (Rev 2);1981;Taito America Corporation;YES;-;NO;-;-;YES;NO;NO;-;NO;YES;NO;YES;qix.cpp;Mame 0.23;02/06/97;Mame 0.194;31/01/18;0;2;3;2;1;RASTER;270;VERTICAL;256;256;55.838470;joystick (4-way);CRT 15kHz;MC6809E,M6802;maincpu MC6809E @1.25 MHz, videocpu MC6809E @1.25 MHz, audiocpu M6802 @3.6864 MHz;Speaker,Discrete Sound;lspeaker Speaker, rspeaker Speaker, discrete Discrete Sound;GOOD;GOOD;GOOD;GOOD;GOOD;UNKNOWN;GOOD;GOOD;-;Puzzle / Outline;Puzzle;Qix;English;-;NO;NO;NO;NO;NO;NO;NO;NO;NO;NO;NO;NO;NO;2P alt;https://archive.org/details/arcade_qix;https://www.youtube.com/watch?v=kCPndvhP0XY;-;0;NO;NO;NO;NO;English;90 to 100 (Best Games);1981;1981;NO
radr;Rad Rally (World);1991;Sega;YES;-;NO;-;-;YES;NO;NO;-;NO;YES;NO;NO;segas32.cpp;Mame 0.63;12/01/03;Mame 0.194;31/01/18;0;1;2;2;1;RASTER;0;HORIZONTAL;416;224;60.000000;paddle,pedal;CRT 15kHz;V60,Z80;mainpcb:maincpu V60 @16.10795 MHz, mainpcb:soundcpu Z80 @8.53975 MHz;Speaker,YM3438 OPN2C,Ricoh RF5C68;mainpcb:lspeaker Speaker, mainpcb:rspeaker Speaker, mainpcb:ym1 YM3438 OPN2C @8.53975 MHz, mainpcb:ym2 YM3438 OPN2C @8.53975 MHz, mainpcb:rfsnd Ricoh RF5C68 @12.5 MHz;IMPERFECT;GOOD;GOOD;GOOD;IMPERFECT;UNKNOWN;GOOD;GOOD;-;Driving / 1st Person;Driving;Rad Mobile;English;-;NO;NO;NO;NO;NO;NO;NO;NO;NO;NO;NO;NO;NO;1P;-;https://www.youtube.com/watch?v=SBaAlJ3je7I;-;0;NO;NO;NO;NO;English;90 to 100 (Best Games);1991;1991;NO
rampage;Rampage (Rev 3, 8/27/86);1986;Bally Midway;YES;-;NO;-;-;YES;NO;NO;-;NO;YES;NO;YES;mcr3.cpp;Mame 0.28;07/09/97;Mame 0.194;31/01/18;0;2;2;2;1;RASTER;0;HORIZONTAL;512;480;30.000000;joystick (8-way);CRT 31kHz;Z80,M68000;maincpu Z80 @5 MHz, sg:cpu M68000 @8 MHz;Speaker,Midway Sounds Good Sound Board,AD7533;lspeaker Speaker, rspeaker Speaker, sg Midway Sounds Good Sound Board, sg:dac AD7533;GOOD;GOOD;GOOD;GOOD;GOOD;UNKNOWN;GOOD;NODUMP;-;Platform / Fighter;Platform;Rampage;English;-;NO;NO;NO;NO;NO;NO;NO;NO;NO;NO;NO;NO;NO;3P sim;-;https://www.youtube.com/watch?v=2wcXZ3dkN3w;-;0;NO;NO;NO;NO;English;90 to 100 (Best Games);1986;1986;NO
rmpgwt;Rampage: World Tour (rev 1.3);1997;Midway;YES;-;NO;-;-;YES;NO;NO;-;NO;YES;NO;YES;midwunit.cpp;Mame 0.37b5 (0.41);27/07/00;Mame 0.194;31/01/18;0;3;4;1;1;RASTER;0;HORIZONTAL;400;254;54.706840;joystick (8-way);CRT 15kHz;TMS34010,ADSP-2105,PIC16C57;maincpu TMS34010 @50 MHz, dcs:dcs ADSP-2105 @10 MHz, serial_security:pic PIC16C57 @12 MHz;Speaker,DMA-driven DAC;dcs:mono Speaker, dcs:dac DMA-driven DAC;GOOD;GOOD;GOOD;GOOD;GOOD;UNKNOWN;GOOD;GOOD;-;Platform / Fighter;Platform;Rampage;English;-;NO;NO;NO;NO;NO;NO;NO;NO;NO;NO;NO;NO;NO;3P sim;-;https://www.youtube.com/watch?v=rPh01-X2dLQ;-;0;NO;NO;NO;NO;English;90 to 100 (Best Games);1997;1997;NO
shinobi;Shinobi (set 6, System 16A) (unprotected);1987;Sega;YES;-;NO;-;-;YES;NO;NO;-;NO;YES;NO;YES;segas16a.cpp;Mame 0.33b3;17/05/98;Mame 0.194;31/01/18;0;3;2;1;1;RASTER;0;HORIZONTAL;320;224;60.000000;joystick (8-way);CRT 15kHz;M68000,Z80,N7751;maincpu M68000 @10 MHz, soundcpu Z80 @4 MHz, n7751 N7751 @6 MHz;Speaker,Yamaha YM2151 OPM,8-Bit R-2R DAC;speaker Speaker, ymsnd Yamaha YM2151 OPM @4 MHz, dac 8-Bit R-2R DAC;GOOD;GOOD;GOOD;GOOD;GOOD;UNKNOWN;GOOD;GOOD;-;Platform / Fighter Scrolling;Platform;Shinobi;English;-;NO;NO;NO;NO;NO;NO;NO;NO;NO;NO;NO;NO;NO;2P alt;https://archive.org/details/arcade_shinobi;https://www.youtube.com/watch?v=Kh2fy5e-D0c;-;100;NO;NO;YES;YES;English;80 to 90 (Very Good);1987;Cocktail, Upright;NO
spdodgeb;Super Dodge Ball (US);1987;Technos Japan;YES;-;NO;-;-;YES;NO;NO;-;NO;YES;NO;YES;spdodgeb.cpp;Mame 0.37b8 (0.44);02/10/00;Mame 0.194;31/01/18;0;2;2;2;1;RASTER;0;HORIZONTAL;256;240;57.444853;joystick (8-way);CRT 15kHz;M6502,MC6809;maincpu M6502 @2 MHz, audiocpu MC6809 @6 MHz;Speaker,YM3812 OPL2,MSM5205;lspeaker Speaker, rspeaker Speaker, ymsnd YM3812 OPL2 @3 MHz, msm1 MSM5205 @0.384 MHz, msm2 MSM5205 @0.384 MHz;GOOD;GOOD;GOOD;GOOD;GOOD;UNKNOWN;GOOD;GOOD;-;Sports / Dodgeball;Sports;Super Dodge Ball;English;-;NO;NO;NO;NO;NO;NO;NO;NO;NO;NO;NO;NO;NO;2P sim;-;https://www.youtube.com/watch?v=Am1gUs1sM_4;-;0;NO;NO;NO;NO;English;50 to 60 (Not Good Enough);-;50 to 60 (Not Good Enough);NO
spyhunt;Spy Hunter;1983;Bally Midway;YES;-;NO;-;-;YES;NO;NO;-;NO;YES;NO;YES;mcr3.cpp;Mame 0.28;07/09/97;Mame 0.194;31/01/18;0;5;2;2;1;RASTER;90;VERTICAL;480;480;30.000000;paddle,pedal;CRT 31kHz;Z80,M68000;maincpu Z80 @5 MHz, ssio:cpu Z80 @2 MHz, csd:cpu M68000 @8 MHz;Speaker,Midway SSIO Sound Board,AY-3-8910A PSG,Cheap Squeak Deluxe Sound Board,AD7533;lspeaker Speaker, rspeaker Speaker, ssio Midway SSIO Sound Board, ssio:ay0 AY-3-8910A PSG @2 MHz, ssio:ay1 AY-3-8910A PSG @2 MHz, csd Cheap Squeak Deluxe Sound Board, csd:dac AD7533;GOOD;GOOD;GOOD;GOOD;GOOD;UNKNOWN;GOOD;GOOD;-;Shooter / Driving Vertical;Shooter;Spy Hunter;English;-;NO;NO;NO;NO;NO;NO;NO;NO;NO;NO;NO;NO;NO;1P;-;https://www.youtube.com/watch?v=YXsglpAG5zw;-;0;NO;NO;NO;NO;English;90 to 100 (Best Games);1983;1983;NO
stargate;Stargate;1981;Williams / Vid Kidz;YES;-;NO;-;-;YES;NO;NO;-;NO;YES;NO;YES;williams.cpp;Mame 0.23;02/06/97;Mame 0.194;31/01/18;0;6;3;1;1;RASTER;0;HORIZONTAL;292;240;60.096154;joystick (2-way);CRT 15kHz;MC6809E,M6808;maincpu MC6809E @1 MHz, soundcpu M6808 @3.579545 MHz;Speaker,MC1408;speaker Speaker, dac MC1408;GOOD;GOOD;GOOD;GOOD;GOOD;UNKNOWN;GOOD;GOOD;-;Shooter / Flying;Shooter;Defender;English;-;NO;NO;NO;NO;NO;NO;NO;NO;NO;NO;NO;NO;NO;2P alt;https://archive.org/details/arcade_stargate;https://www.youtube.com/watch?v=NU2opOoHxDk;-;0;NO;NO;NO;NO;English;90 to 100 (Best Games);1981;1981;NO
ultennis;Ultimate Tennis;1993;Art & Magic;YES;-;NO;-;-;YES;NO;NO;-;NO;YES;NO;YES;artmagic.cpp;Mame 0.64;26/01/03;Mame 0.194;31/01/18;0;3;4;1;1;RASTER;0;HORIZONTAL;320;256;49.764608;joystick (8-way);CRT 15kHz;M68000,TMS34010;maincpu M68000 @12.5 MHz, tms TMS34010 @40 MHz;Speaker,OKI MSM6295 ADPCM;mono Speaker, oki OKI MSM6295 ADPCM @1.333333 MHz;GOOD;GOOD;GOOD;GOOD;GOOD;UNKNOWN;GOOD;GOOD;-;Sports / Tennis;Sports;-;English;-;NO;NO;NO;NO;NO;NO;NO;NO;NO;NO;NO;NO;NO;2P sim;-;https://www.youtube.com/watch?v=w9OcVOpnIqo;-;0;NO;NO;NO;NO;English;90 to 100 (Best Games);1993;1993;YES
zaxxon;Zaxxon (set 1, rev D);1982;Sega;YES;-;NO;-;zaxxon;YES;NO;NO;-;NO;YES;NO;YES;zaxxon.cpp;Mame 0.8;04/03/97;Mame 0.194;31/01/18;0;1;2;1;1;RASTER;90;VERTICAL;256;224;59.999408;joystick (8-way);CRT 15kHz;Z80;maincpu Z80 @3.4125 MHz;Speaker,Samples;speaker Speaker, samples Samples;IMPERFECT;GOOD;GOOD;IMPERFECT;GOOD;UNKNOWN;GOOD;GOOD;-;Shooter / Flying Diagonal;Shooter;Zaxxon;English;-;NO;NO;NO;NO;NO;NO;NO;NO;NO;NO;NO;NO;NO;2P alt;https://archive.org/details/arcade_zaxxon;https://www.youtube.com/watch?v=jG9mKwrVbIU;-;0;NO;NO;NO;NO;English;90 to 100 (Best Games);1982;Cocktail, Upright;NO
